[
{
        "path": "mods/AdvancedSolarPanel-1.7.10-3.5.1a.jar",
		"url": "http://downloads.gtnewhorizons.com/Mods_for_Twitch/AdvancedSolarPanel-1.7.10-3.5.1a.jar"
},
{
		"path": "mods/adventurebackpack-1.7.10-0.9-h14.jar",
		"url": "http://downloads.gtnewhorizons.com/Mods_for_Twitch/adventurebackpack-1.7.10-0.9-h14.jar"
},
{
		"path": "mods/AngerMod-1.7.10-0.6.jar",
		"url": "http://downloads.gtnewhorizons.com/Mods_for_Twitch/AngerMod-1.7.10-0.6.jar"
},
{
		"path": "mods/appliedenergistics2-rv3-beta-31.jar",
		"url": "http://downloads.gtnewhorizons.com/Mods_for_Twitch/appliedenergistics2-rv3-beta-31.jar"
},
{
		"path": "mods/ArchitectureCraft-1.7.4-GTNH.jar",
		"url": "http://downloads.gtnewhorizons.com/Mods_for_Twitch/ArchitectureCraft-1.7.4-GTNH.jar"
},
{
		"path": "mods/AsieLib-1.7.10-0.4.9.jar",
		"url": "http://downloads.gtnewhorizons.com/Mods_for_Twitch/AsieLib-1.7.10-0.4.9.jar"
},
{
		"path": "mods/Avaritia-1.18.jar",
		"url": "http://downloads.gtnewhorizons.com/Mods_for_Twitch/Avaritia-1.18.jar"
},
{
		"path": "mods/backpack-2.2.4-1.7.x.jar",
		"url": "http://downloads.gtnewhorizons.com/Mods_for_Twitch/backpack-2.2.4-1.7.x.jar"
},
{
		"path": "mods/bartworks[1.7.10]-0.5.13.1.jar",
		"url": "http://downloads.gtnewhorizons.com/Mods_for_Twitch/bartworks[1.7.10]-0.5.13.1.jar"
},
{
		"path": "mods/1.7.10/Baubles-1.7.10-1.0.1.12.jar",
		"url": "http://downloads.gtnewhorizons.com/Mods_for_Twitch/Baubles-1.7.10-1.0.1.12.jar"
},
{
		"path": "mods/BetterQuesting-3.0.334-GTNH.jar",
		"url": "http://downloads.gtnewhorizons.com/Mods_for_Twitch/BetterQuesting-3.0.334-GTNH.jar"
},
{
		"path": "mods/BetterLoadingScreen-1.3.23-GTNH.jar",
		"url": "http://downloads.gtnewhorizons.com/Mods_for_Twitch/BetterLoadingScreen-1.3.23.jar"
},
{
		"path": "mods/binnie-mods-1.7.10-gtnh-2.0.29.4.jar",
		"url": "http://downloads.gtnewhorizons.com/Mods_for_Twitch/binnie-mods-1.7.10-gtnh-2.0.29.4.jar"
},
{
		"path": "mods/BiomesOPlenty-1.7.10-2.1.1-GTNH.2-universal.jar",
		"url": "http://downloads.gtnewhorizons.com/Mods_for_Twitch/BiomesOPlenty-1.7.10-2.1.1-GTNH.2-universal.jar"
},
{
		"path": "mods/BiblioWoods[BiomesOPlenty][v1.9].jar",
		"url": "http://downloads.gtnewhorizons.com/Mods_for_Twitch/BiblioWoods[BiomesOPlenty][v1.9].jar"
},
{
		"path": "mods/BiblioWoods[Forestry][v1.7].jar",
		"url": "http://downloads.gtnewhorizons.com/Mods_for_Twitch/BiblioWoods[Forestry][v1.7].jar"
},
{
		"path": "mods/BiblioWoods[Natura][v1.5].jar",
		"url": "http://downloads.gtnewhorizons.com/Mods_for_Twitch/BiblioWoods[Natura][v1.5].jar"
},
{
		"path": "mods/BlockLimiter-1.7.10-0.52.jar",
		"url": "http://downloads.gtnewhorizons.com/Mods_for_Twitch/BlockLimiter-1.7.10-0.52.jar"
},
{
		"path": "mods/BloodArsenal-1.7.10-1.2.1-11.jar",
		"url": "http://downloads.gtnewhorizons.com/Mods_for_Twitch/BloodArsenal-1.7.10-1.2.1-11.jar"
},
{
		"path": "mods/BloodMagic-1.7.10-1.3.3-30.jar",
		"url": "http://downloads.gtnewhorizons.com/Mods_for_Twitch/BloodMagic-1.7.10-1.3.3-30.jar"
},
{
		"path": "mods/BugTorch-1.0.2.jar",
		"url": "http://downloads.gtnewhorizons.com/Mods_for_Twitch/BugTorch-1.0.2.jar"
},
{
		"path": "mods/BuildCraftOilTweak-1.7.10-1.0.3.jar",
		"url": "http://downloads.gtnewhorizons.com/Mods_for_Twitch/BuildCraftOilTweak-1.7.10-1.0.3.jar"
},
{
		"path": "mods/CB4BQ-3.jar",
		"url": "http://downloads.gtnewhorizons.com/Mods_for_Twitch/CB4BQ-3.jar"
},
{
		"path": "mods/Chisel-1.7.10-2.9.8-GTNH.8.jar",
		"url": "http://downloads.gtnewhorizons.com/Mods_for_Twitch/Chisel-1.7.10-2.9.8-GTNH.8.jar"
},
{
		"path": "mods/CodeChickenCore-1.7.10-1.0.7.47a-universal.jar",
		"url": "http://downloads.gtnewhorizons.com/Mods_for_Twitch/CodeChickenCore-1.7.10-1.0.7.47a-universal.jar"
},
{
		"path": "mods/CompactKineticGenerators-1.7.10-1.0.jar",
		"url": "http://downloads.gtnewhorizons.com/Mods_for_Twitch/CompactKineticGenerators-1.7.10-1.0.jar"
},
{
		"path": "mods/Computronics-1.7.10-1.6.6.jar",
		"url": "http://downloads.gtnewhorizons.com/Mods_for_Twitch/Computronics-1.7.10-1.6.6.jar"
},
{
		"path": "mods/CropsPP-1.3.5.3.jar",
		"url": "http://downloads.gtnewhorizons.com/Mods_for_Twitch/CropsPP-1.3.5.3.jar"
},
{
		"path": "mods/Draconic-Evolution-1.7.10-1.0.2q.jar",
		"url": "http://downloads.gtnewhorizons.com/Mods_for_Twitch/Draconic-Evolution-1.7.10-1.0.2q.jar"
},
{
		"path": "mods/ElectroMagicTools-1.2.7.8[1.7.10].jar",
		"url": "http://downloads.gtnewhorizons.com/Mods_for_Twitch/ElectroMagicTools-1.2.7.8[1.7.10].jar"
},
{
		"path": "mods/EnhancedLootBags-1.7.10-1.0.3.jar",
		"url": "http://downloads.gtnewhorizons.com/Mods_for_Twitch/EnhancedLootBags-1.7.10-1.0.3.jar"
},
{
		"path": "mods/EnderIO-1.7.10-2.3.1.13_beta.18.jar",
		"url": "http://downloads.gtnewhorizons.com/Mods_for_Twitch/EnderIO-1.7.10-2.3.1.13_beta.18.jar"
},
{
		"path": "mods/EnderStorage-1.7.10-1.4.7.38-universal.jar",
		"url": "http://downloads.gtnewhorizons.com/Mods_for_Twitch/EnderStorage-1.7.10-1.4.7.38-universal.jar"
},
{
		"path": "mods/EnderZoo-1.7.10-1.0.18.3.jar",
		"url": "http://downloads.gtnewhorizons.com/Mods_for_Twitch/EnderZoo-1.7.10-1.0.18.3.jar"
},
{
		"path": "mods/ExtraCells-1.7.10-2.4.3b3.jar",
		"url": "http://downloads.gtnewhorizons.com/Mods_for_Twitch/ExtraCells-1.7.10-2.4.3b3.jar"
},
{
		"path": "mods/extrautilities-1.2.13a.jar",
		"url": "http://downloads.gtnewhorizons.com/Mods_for_Twitch/extrautilities-1.2.13a.jar"
},
{
		"path": "mods/findit-1.7.10-1.0.1.jar",
		"url": "http://downloads.gtnewhorizons.com/Mods_for_Twitch/findit-1.7.10-1.0.1.jar"
},
{
		"path": "mods/forestry_1.7.10-4.2.27.12.jar",
		"url": "http://downloads.gtnewhorizons.com/Mods_for_Twitch/forestry_1.7.10-4.2.27.12.jar"
},
{
		"path": "mods/gadomancy-1.7.10-1.0.7.7.jar",
		"url": "http://downloads.gtnewhorizons.com/Mods_for_Twitch/gadomancy-1.7.10-1.0.7.7.jar"
},
{
		"path": "mods/GalacticGreg-1.7.10-1.0.3.jar",
		"url": "http://downloads.gtnewhorizons.com/Mods_for_Twitch/GalacticGreg-1.7.10-1.0.3.jar"
},
{
		"path": "mods/Galacticraft-1.7-3.0.15-GTNH-full.jar",
		"url": "http://downloads.gtnewhorizons.com/Mods_for_Twitch/Galacticraft-1.7-3.0.15-GTNH-full.jar"
},
{
		"path": "mods/GalaxySpace-1.1.3c_STABLE.jar",
		"url": "http://downloads.gtnewhorizons.com/Mods_for_Twitch/GalaxySpace-1.1.3c_STABLE.jar"
},
{
		"path": "mods/gendustry-1.6.4.135a-mc1.7.10.jar",
		"url": "http://downloads.gtnewhorizons.com/Mods_for_Twitch/gendustry-1.6.4.135a-mc1.7.10.jar"
},
{
		"path": "mods/GraviSuite-1.7.10-2.0.68u.jar",
		"url": "http://downloads.gtnewhorizons.com/Mods_for_Twitch/GraviSuite-1.7.10-2.0.68u.jar"
},
{
		"path": "mods/gregtech-5.09.33.52.jar",
		"url": "http://downloads.gtnewhorizons.com/Mods_for_Twitch/gregtech-5.09.33.52.jar"
},
{
		"path": "mods/GT-PlusPlus-1.7.05.68.jar",
		"url": "http://downloads.gtnewhorizons.com/Mods_for_Twitch/GT-PlusPlus-1.7.05.68.jar"
},
{
		"path": "mods/gtneioreplugin-1.7.10-1.0.7.jar",
		"url": "http://downloads.gtnewhorizons.com/Mods_for_Twitch/gtneioreplugin-1.7.10-1.0.7.jar"
},
{
		"path": "mods/GTNH-TC-Wands-1.2.1.jar",
		"url": "http://downloads.gtnewhorizons.com/Mods_for_Twitch/GTNH-TC-Wands-1.2.1.jar"
},
{
		"path": "mods/GT-Scanner Mod-1.5.7.jar",
		"url": "http://downloads.gtnewhorizons.com/Mods_for_Twitch/GT-Scanner Mod-1.5.7.jar"
},
{
		"path": "mods/GTTweaker-1.7.10-1.7.5.jar",
		"url": "http://downloads.gtnewhorizons.com/Mods_for_Twitch/GTTweaker-1.7.10-1.7.5.jar"
},
{
		"path": "mods/HardcoreEnderExpansion_MC-1.7.10_v1.8.6a.jar",
		"url": "http://downloads.gtnewhorizons.com/Mods_for_Twitch/HardcoreEnderExpansion_MC-1.7.10_v1.8.6a.jar"
},
{
		"path": "mods/hodgepodge-1.7.10-1.4.2.jar",
		"url": "http://downloads.gtnewhorizons.com/Mods_for_Twitch/hodgepodge-1.7.10-1.4.2.jar"
},
{
		"path": "mods/holoinventory-1.7.10-2.1.4-beta-GTNH.4.jar",
		"url": "http://downloads.gtnewhorizons.com/Mods_for_Twitch/holoinventory-1.7.10-2.1.4-beta-GTNH.4.jar"
},
{
		"path": "mods/HungerOverhaul-1.7.10-1.0.2.jar",
		"url": "http://downloads.gtnewhorizons.com/Mods_for_Twitch/HungerOverhaul-1.7.10-1.0.2.jar"
},
{
		"path": "mods/IFU-1.7.jar",
		"url": "http://downloads.gtnewhorizons.com/Mods_for_Twitch/IFU-1.7.jar"
},
{
		"path": "mods/IguanaTinkerTweaks-1.7.10-2.1.7.4.jar",
		"url": "http://downloads.gtnewhorizons.com/Mods_for_Twitch/IguanaTinkerTweaks-1.7.10-2.1.7.4.jar"
},
{
		"path": "mods/industrialcraft-2-2.2.828a-experimental.jar",
		"url": "http://downloads.gtnewhorizons.com/Mods_for_Twitch/industrialcraft-2-2.2.828a-experimental.jar"
},
{
		"path": "mods/InfernalMobs-1.7.1-GTNH.jar",
		"url": "http://downloads.gtnewhorizons.com/Mods_for_Twitch/InfernalMobs-1.7.1-GTNH.jar"
},
{
		"path": "mods/InGameInfoXML-1.7.10-2.8.2.3-universal.jar",
		"url": "http://downloads.gtnewhorizons.com/Mods_for_Twitch/InGameInfoXML-1.7.10-2.8.2.3-universal.jar"
},
{
		"path": "mods/InventoryTweaks-1.59-dev-156.jar",
		"url": "http://downloads.gtnewhorizons.com/Mods_for_Twitch/InventoryTweaks-1.59-dev-156.jar"
},
{
		"path": "mods/irontanks-1.7.10-1.1.19.jar",
		"url": "http://downloads.gtnewhorizons.com/Mods_for_Twitch/irontanks-1.7.10-1.1.19.jar"
},
{
		"path": "mods/itlt-1.7.10-1.0.2.jar",
		"url": "http://downloads.gtnewhorizons.com/Mods_for_Twitch/itlt-1.7.10-1.0.2.jar"
},
{
		"path": "mods/Jabba-1.2.6_1.7.10.jar",
		"url": "http://downloads.gtnewhorizons.com/Mods_for_Twitch/Jabba-1.2.6_1.7.10.jar"
},
{
		"path": "mods/kekztech-0.4.6.jar",
		"url": "http://downloads.gtnewhorizons.com/Mods_for_Twitch/kekztech-0.4.6.jar"
},
{
		"path": "mods/LootGames-1.7.10-1.0.18.jar",
		"url": "http://downloads.gtnewhorizons.com/Mods_for_Twitch/LootGames-1.7.10-1.0.18.jar"
},
{
		"path": "mods/magicbees-1.7.10-2.5.3-GTNH.jar",
		"url": "http://downloads.gtnewhorizons.com/Mods_for_Twitch/magicbees-1.7.10-2.5.3-GTNH.jar"
},
{
		"path": "mods/MicdoodleCore-1.7.10-3.0.13-GTNH.jar",
		"url": "http://downloads.gtnewhorizons.com/Mods_for_Twitch/MicdoodleCore-1.7.10-3.0.13-GTNH.jar"
},
{
		"path": "mods/MB_Battlegear_2-1.7.10-1.1.1.4-GTNH.jar",
		"url": "http://downloads.gtnewhorizons.com/Mods_for_Twitch/MB_Battlegear_2-1.7.10-1.1.1.4-GTNH.jar"
},
{
		"path": "mods/natura-1-7.10-2.3.2-dev.jar",
		"url": "http://downloads.gtnewhorizons.com/Mods_for_Twitch/natura-1-7.10-2.3.2-dev.jar"
},
{
		"path": "mods/NodalMechanics-1.1-2-GTNH.jar",
		"url": "http://downloads.gtnewhorizons.com/Mods_for_Twitch/NodalMechanics-1.1-2-GTNH.jar"
},
{
		"path": "mods/NotEnoughItems-1.7.10-2.0.4-GTNH-universal.jar",
		"url": "http://downloads.gtnewhorizons.com/Mods_for_Twitch/NotEnoughItems-1.7.10-2.0.4-GTNH-universal.jar"
},
{
		"path": "mods/OpenBlocks-1.7.10-1.6.2-1.7.10-snapshot-4.jar",
		"url": "http://downloads.gtnewhorizons.com/Mods_for_Twitch/OpenBlocks-1.7.10-1.6.2-1.7.10-snapshot-4.jar"
},
{
		"path": "mods/OpenComputers-MC1.7.10-1.7.5.5.13-universal.jar",
		"url": "http://downloads.gtnewhorizons.com/Mods_for_Twitch/OpenComputers-MC1.7.10-1.7.5.5.13-universal.jar"
},
{
		"path": "mods/OpenModsLib-1.7.10-0.10.1.jar",
		"url": "http://downloads.gtnewhorizons.com/Mods_for_Twitch/OpenModsLib-1.7.10-0.10.1.jar"
},
{
		"path": "mods/overloadedarmorbar-1.7.10-1.0.0.jar",
		"url": "http://downloads.gtnewhorizons.com/Mods_for_Twitch/overloadedarmorbar-1.7.10-1.0.0.jar"
},
{
		"path": "mods/Pams-Harvestcraft-1.7.10Lb-1.0.1-GTNH.jar",
		"url": "http://downloads.gtnewhorizons.com/Mods_for_Twitch/Pams-Harvestcraft-1.7.10Lb-1.0.1-GTNH.jar"
},
{
		"path": "mods/ProjectBlue-1.1.6-mc1.7.10.jar",
		"url": "http://downloads.gtnewhorizons.com/Mods_for_Twitch/ProjectBlue-1.1.6-mc1.7.10.jar"
},
{
		"path": "mods/ProjectRed-1.7.10-4.7.0pre12.95-Base.jar",
		"url": "http://downloads.gtnewhorizons.com/Mods_for_Twitch/ProjectRed-1.7.10-4.7.0pre12.95-Base.jar"
},
{
		"path": "mods/ProjectRed-1.7.10-4.7.0pre12.95-Compat.jar",
		"url": "http://downloads.gtnewhorizons.com/Mods_for_Twitch/ProjectRed-1.7.10-4.7.0pre12.95-Compat.jar"
},
{
		"path": "mods/ProjectRed-1.7.10-4.7.0pre12.95-Fabrication.jar",
		"url": "http://downloads.gtnewhorizons.com/Mods_for_Twitch/ProjectRed-1.7.10-4.7.0pre12.95-Fabrication.jar"
},
{
		"path": "mods/ProjectRed-1.7.10-4.7.0pre12.95-Integration.jar",
		"url": "http://downloads.gtnewhorizons.com/Mods_for_Twitch/ProjectRed-1.7.10-4.7.0pre12.95-Integration.jar"
},
{
		"path": "mods/ProjectRed-1.7.10-4.7.0pre12.95-Lighting.jar",
		"url": "http://downloads.gtnewhorizons.com/Mods_for_Twitch/ProjectRed-1.7.10-4.7.0pre12.95-Lighting.jar"
},
{
		"path": "mods/ProjectRed-1.7.10-4.7.0pre12.95-Mechanical.jar",
		"url": "http://downloads.gtnewhorizons.com/Mods_for_Twitch/ProjectRed-1.7.10-4.7.0pre12.95-Mechanical.jar"
},
{
		"path": "mods/ProjectRed-1.7.10-4.7.0pre12.95-World.jar",
		"url": "http://downloads.gtnewhorizons.com/Mods_for_Twitch/ProjectRed-1.7.10-4.7.0pre12.95-World.jar"
},
{
		"path": "mods/RemoteIO-1.7.10-2.4.2-universal.jar",
		"url": "http://downloads.gtnewhorizons.com/Mods_for_Twitch/RemoteIO-1.7.10-2.4.2-universal.jar"
},
{
		"path": "mods/roguelike-1.7.10-1.5.1.jar",
		"url": "http://downloads.gtnewhorizons.com/Mods_for_Twitch/roguelike-1.7.10-1.5.1.jar"
},
{
		"path": "mods/RWG-alpha-1.3.2.jar",
		"url": "http://downloads.gtnewhorizons.com/Mods_for_Twitch/RWG-alpha-1.3.2.jar"
},
{
		"path": "mods/SGCraft-1.13.7-GTNH.jar",
		"url": "http://downloads.gtnewhorizons.com/Mods_for_Twitch/SGCraft-1.13.7-GTNH.jar"
},
{
		"path": "mods/SpecialMobs-1.7.10-3.3.6.jar",
		"url": "http://downloads.gtnewhorizons.com/Mods_for_Twitch/SpecialMobs-1.7.10-3.3.6.jar"
},
{
		"path": "mods/SpiceOfLife-mc1.7.10-2.0.0-carrot-beta-5.jar",
		"url": "http://downloads.gtnewhorizons.com/Mods_for_Twitch/SpiceOfLife-mc1.7.10-2.0.0-carrot-beta-5.jar"
},
{
		"path": "mods/SpongeMixins-1.2.0.jar",
		"url": "http://downloads.gtnewhorizons.com/Mods_for_Twitch/SpongeMixins-1.2.0.jar"
},
{
		"path": "mods/SSP-1.1.2-GT-NH-Mod.jar",
		"url": "http://downloads.gtnewhorizons.com/Mods_for_Twitch/SSP-1.1.2-GT-NH-Mod.jar"
},
{
		"path": "mods/StandardExpansion-3.0.182-GTNH.jar",
		"url": "http://downloads.gtnewhorizons.com/Mods_for_Twitch/StandardExpansion-3.0.182-GTNH.jar"
},
{
		"path": "mods/StevesAddons-1.7.10-0.10.17.jar",
		"url": "http://downloads.gtnewhorizons.com/Mods_for_Twitch/StevesAddons-1.7.10-0.10.17.jar"
},
{
		"path": "mods/StevesCarts-2.0.0.b19.jar",
		"url": "http://downloads.gtnewhorizons.com/Mods_for_Twitch/StevesCarts-2.0.0.b19.jar"
},
{
		"path": "mods/StevesFactoryManager-A96-GTNH.jar",
		"url": "http://downloads.gtnewhorizons.com/Mods_for_Twitch/StevesFactoryManager-A96-GTNH.jar"
},
{
		"path": "mods/StorageDrawers-1.7.10-1.11.5-gtnh.jar",
		"url": "http://downloads.gtnewhorizons.com/Mods_for_Twitch/StorageDrawers-1.7.10-1.11.5-gtnh.jar"
},
{
		"path": "mods/StorageDrawers-BiomesOPlenty-1.7.10-1.1.1c.jar",
		"url": "http://downloads.gtnewhorizons.com/Mods_for_Twitch/StorageDrawers-BiomesOPlenty-1.7.10-1.1.1c.jar"
},
{
		"path": "mods/StorageDrawers-Forestry-1.7.10-1.1.2c.jar",
		"url": "http://downloads.gtnewhorizons.com/Mods_for_Twitch/StorageDrawers-Forestry-1.7.10-1.1.2c.jar"
},
{
		"path": "mods/StorageDrawers-Misc-1.7.10-1.1.2c.jar",
		"url": "http://downloads.gtnewhorizons.com/Mods_for_Twitch/StorageDrawers-Misc-1.7.10-1.1.2c.jar"
},
{
		"path": "mods/StorageDrawers-Natura-1.7.10-1.1.1c.jar",
		"url": "http://downloads.gtnewhorizons.com/Mods_for_Twitch/StorageDrawers-Natura-1.7.10-1.1.1c.jar"
},
{
		"path": "mods/TecTech-1.7.10-3.8.3.jar",
		"url": "http://downloads.gtnewhorizons.com/Mods_for_Twitch/TecTech-1.7.10-3.8.3.jar"
},
{
		"path": "mods/TGregworks-1.7.10-1.0.18.jar",
		"url": "http://downloads.gtnewhorizons.com/Mods_for_Twitch/TGregworks-1.7.10-1.0.18.jar"
},
{
		"path": "mods/TConstruct-1.7.10-1.8.9-GTNH.build15.jar",
		"url": "http://downloads.gtnewhorizons.com/Mods_for_Twitch/TConstruct-1.7.10-1.8.9-GTNH.build15.jar"
},
{
		"path": "mods/Thaumcraft-1.7.10-4.2.3.5a.jar",
		"url": "http://downloads.gtnewhorizons.com/Mods_for_Twitch/Thaumcraft-1.7.10-4.2.3.5a.jar"
},
{
		"path": "mods/ThaumcraftMobAspects-1.7.x-2B-snapshot-17.jar",
		"url": "http://downloads.gtnewhorizons.com/Mods_for_Twitch/ThaumcraftMobAspects-1.7.x-2B-snapshot-17.jar"
},
{
		"path": "mods/Thaumcraft-NEI-Additions-1.7.10-1.1.0.1.jar",
		"url": "http://downloads.gtnewhorizons.com/Mods_for_Twitch/Thaumcraft-NEI-Additions-1.7.10-1.1.0.1.jar"
},
{
		"path": "mods/Thaumic-Based-1.4.22-0.jar",
		"url": "http://downloads.gtnewhorizons.com/Mods_for_Twitch/Thaumic-Based-1.4.22-0.jar"
},
{
		"path": "mods/Thaumic-Exploration-[1.7.10]-1.1.74-0.jar",
		"url": "http://downloads.gtnewhorizons.com/Mods_for_Twitch/Thaumic-Exploration-[1.7.10]-1.1.74-0.jar"
},
{
		"path": "mods/thaumicenergistics-1.1.3.2.jar",
		"url": "http://downloads.gtnewhorizons.com/Mods_for_Twitch/thaumicenergistics-1.1.3.2.jar"
},
{
		"path": "mods/ThaumicHorizons-1.7.10-1.1.9.17.jar",
		"url": "http://downloads.gtnewhorizons.com/Mods_for_Twitch/ThaumicHorizons-1.7.10-1.1.9.17.jar"
},
{
		"path": "mods/ThaumicTinkerer-1.7.10-2.5-557-GTNH.jar",
		"url": "http://downloads.gtnewhorizons.com/Mods_for_Twitch/ThaumicTinkerer-1.7.10-2.5-557-GTNH.jar"
},
{
		"path": "mods/Thaumic-Machina-1.7.10-0.2.1.jar",
		"url": "http://downloads.gtnewhorizons.com/Mods_for_Twitch/Thaumic-Machina-1.7.10-0.2.1.jar"
},
{
		"path": "mods/Tinkers-Defense-1.2.1d.jar",
		"url": "http://downloads.gtnewhorizons.com/Mods_for_Twitch/Tinkers-Defense-1.2.1d.jar"
},
{
		"path": "mods/TMechworks-1.7.10-0.2.16.1.jar",
		"url": "http://downloads.gtnewhorizons.com/Mods_for_Twitch/TMechworks-1.7.10-0.2.16.1.jar"
},
{
		"path": "mods/TooMuchLoot-1.7.10-4.0.3.B2.jar",
		"url": "http://downloads.gtnewhorizons.com/Mods_for_Twitch/TooMuchLoot-1.7.10-4.0.3.B2.jar"
},
{
		"path": "mods/TravellersGear-1.7.10-1.16.6a.jar",
		"url": "http://downloads.gtnewhorizons.com/Mods_for_Twitch/TravellersGear-1.7.10-1.16.6a.jar"
},
{
		"path": "mods/twilightforest-1.7.10-2.3.8.5-dev.jar",
		"url": "http://downloads.gtnewhorizons.com/Mods_for_Twitch/twilightforest-1.7.10-2.3.8.5-dev.jar"
},
{
		"path": "mods/Universal-Singularities-1.7.10-8.6.1.jar",
		"url": "http://downloads.gtnewhorizons.com/Mods_for_Twitch/Universal-Singularities-1.7.10-8.6.1.jar"
},
{
		"path": "mods/utilityworlds-1.0.9e.jar",
		"url": "http://downloads.gtnewhorizons.com/Mods_for_Twitch/utilityworlds-1.0.9e.jar"
},
{
		"path": "mods/Waila-1.5.10_1.7.10.jar",
		"url": "http://downloads.gtnewhorizons.com/Mods_for_Twitch/Waila-1.5.10_1.7.10.jar"
},
{
		"path": "mods/WailaHarvestability-mc1.7.10-1.1.7-GTNH.jar",
		"url": "http://downloads.gtnewhorizons.com/Mods_for_Twitch/WailaHarvestability-mc1.7.10-1.1.7-GTNH.jar"
},
{
		"path": "mods/WAILAPlugins-MC1.7.10-0.2.3.1-7.jar",
		"url": "http://downloads.gtnewhorizons.com/Mods_for_Twitch/WAILAPlugins-MC1.7.10-0.2.3.1-7.jar"
},
{
		"path": "mods/WarpTheory-1.7.10-1.0.3-GTNH.jar",
		"url": "http://downloads.gtnewhorizons.com/Mods_for_Twitch/WarpTheory-1.7.10-1.0.3-GTNH.jar"
},
{
		"path": "mods/WirelessCraftingTerminal-1.7.10-rv3-1.8.7.4-bigbass-1.jar",
		"url": "http://downloads.gtnewhorizons.com/Mods_for_Twitch/WirelessCraftingTerminal-1.7.10-rv3-1.8.7.4-bigbass-1.jar"
},
{
		"path": "mods/WitchingGadgets-1.7.10-1.2.12-GTNH.jar",
		"url": "http://downloads.gtnewhorizons.com/Mods_for_Twitch/WitchingGadgets-1.7.10-1.2.12-GTNH.jar"
},
{
		"path": "mods/WR-CBE-1.7.10-1.4.2-GTNH-universal.jar",
		"url": "http://downloads.gtnewhorizons.com/Mods_for_Twitch/WR-CBE-1.7.10-1.4.2-GTNH-universal.jar"
},
{
		"path": "mods/YAMCore-1.7.10-0.5.78.jar",
		"url": "http://downloads.gtnewhorizons.com/Mods_for_Twitch/YAMCore-1.7.10-0.5.78.jar"
},
{
		"path": "mods/Ztones-1.7.10-2.2.2.jar",
		"url": "http://downloads.gtnewhorizons.com/Mods_for_Twitch/Ztones-1.7.10-2.2.2.jar"
}
]