<?xml version="1.0" encoding="UTF-8" standalone="yes"?>
<CustomDrops>
    <CustomDrop EntityClassName="eu.usrv.dummyEntity.ImbaSampleDragon">
        <Drop Identifier="sample_Pig_DiamondDrop" ItemName="minecraft:diamond" Amount="1" NBTTag="{Lore: [&quot;Oh, shiny!&quot;]}" Chance="100" LimitedDropCount="5" RandomAmount="false"/>
        <Drop Identifier="sample_Pig_CakeDrop" ItemName="minecraft:cake" Amount="1" NBTTag="" Chance="100" LimitedDropCount="0" RandomAmount="false"/>
        <Drop Identifier="sample_Pig_CharcoalDrop" ItemName="minecraft:coal:1" Amount="5" NBTTag="" Chance="100" LimitedDropCount="0" RandomAmount="true"/>
    </CustomDrop>
	<CustomDrop EntityClassName="twilightforest.entity.boss.EntityTFLich">
        <Drop Identifier="Litch_LitchBone" ItemName="dreamcraft:item.LichBone" Amount="6" NBTTag="" Chance="100" LimitedDropCount="10" RandomAmount="true"/>
		<Drop Identifier="Litch_Ofanix" ItemName="Ztones:ofanix" Amount="1" NBTTag="" Chance="100" LimitedDropCount="0" RandomAmount="false"/>
    </CustomDrop>
		<CustomDrop EntityClassName="twilightforest.entity.EntityTFDeathTome">
        <Drop Identifier="Litch_LitchBone" ItemName="dreamcraft:item.LichBoneChip" Amount="2" NBTTag="" Chance="100" LimitedDropCount="4" RandomAmount="true"/>
    </CustomDrop>
	<CustomDrop EntityClassName="twilightforest.entity.boss.EntityTFSnowQueen">
		<Drop Identifier="Bloodqueen_Blood" ItemName="dreamcraft:item.SnowQueenBlood" Amount="6" NBTTag="" Chance="100" LimitedDropCount="10" RandomAmount="true"/>	
    </CustomDrop>
	<CustomDrop EntityClassName="com.emoniph.witchery.entity.EntityEnt">
		<Drop Identifier="Ent_Moss_TF" ItemName="TwilightForest:tile.TFPlant:3" Amount="2" NBTTag="" Chance="100" LimitedDropCount="0" RandomAmount="false"/>
		<Drop Identifier="Ent_Moss_BOP" ItemName="BiomesOPlenty:moss" Amount="4" NBTTag="" Chance="100" LimitedDropCount="0" RandomAmount="false"/>
	</CustomDrop>
</CustomDrops>