<?xml version="1.0" encoding="UTF-8" standalone="yes"?>
<LootGroup category="dungeonChest" loading_mode="OVERRIDE" count_min="8" count_max="8">
    <loot item="minecraft:saddle" damage="0" weight="10" count_min="1" count_max="1"/>
    <loot item="minecraft:iron_ingot" damage="0" weight="10" count_min="1" count_max="4"/>
    <loot item="minecraft:bread" damage="0" weight="10" count_min="1" count_max="1"/>
    <loot item="minecraft:wheat" damage="0" weight="10" count_min="1" count_max="4"/>
    <loot item="minecraft:gunpowder" damage="0" weight="10" count_min="1" count_max="4"/>
    <loot item="minecraft:string" damage="0" weight="10" count_min="1" count_max="4"/>
    <loot item="minecraft:bucket" damage="0" weight="10" count_min="1" count_max="1"/>
    <loot item="minecraft:golden_apple" damage="0" weight="1" count_min="1" count_max="1"/>
    <loot item="minecraft:redstone" damage="0" weight="10" count_min="1" count_max="4"/>
    <loot item="minecraft:record_13" damage="0" weight="10" count_min="1" count_max="1"/>
    <loot item="minecraft:record_cat" damage="0" weight="10" count_min="1" count_max="1"/>
    <loot item="minecraft:name_tag" damage="0" weight="10" count_min="1" count_max="1"/>
    <loot item="minecraft:golden_horse_armor" damage="0" weight="2" count_min="1" count_max="1"/>
    <loot item="minecraft:iron_horse_armor" damage="0" weight="5" count_min="1" count_max="1"/>
    <loot item="minecraft:diamond_horse_armor" damage="0" weight="1" count_min="1" count_max="1"/>
    <loot item="minecraft:enchanted_book" damage="0" weight="1" count_min="1" count_max="1"/>
    <loot item="minecraft:record_blocks" damage="0" weight="5" count_min="1" count_max="1"/>
    <loot item="minecraft:record_chirp" damage="0" weight="5" count_min="1" count_max="1"/>
    <loot item="minecraft:record_far" damage="0" weight="5" count_min="1" count_max="1"/>
    <loot item="minecraft:record_mall" damage="0" weight="5" count_min="1" count_max="1"/>
    <loot item="minecraft:record_mellohi" damage="0" weight="5" count_min="1" count_max="1"/>
    <loot item="minecraft:record_stal" damage="0" weight="5" count_min="1" count_max="1"/>
    <loot item="minecraft:record_strad" damage="0" weight="5" count_min="1" count_max="1"/>
    <loot item="minecraft:record_ward" damage="0" weight="5" count_min="1" count_max="1"/>
    <loot item="minecraft:record_11" damage="0" weight="5" count_min="1" count_max="1"/>
    <loot item="minecraft:record_wait" damage="0" weight="5" count_min="1" count_max="1"/>
	<loot item="minecraft:chainmail_helmet" damage="0" weight="2" count_min="1" count_max="1"/>
	<loot item="minecraft:chainmail_leggings" damage="0" weight="2" count_min="1" count_max="1"/>
	<loot item="minecraft:chainmail_boots" damage="0" weight="2" count_min="1" count_max="1"/>
	<loot item="minecraft:chainmail_chestplate" damage="0" weight="2" count_min="1" count_max="1"/>
	<loot item="minecraft:diamond_helmet" damage="0" weight="1" count_min="1" count_max="1"/>
	<loot item="minecraft:diamond_chestplate" damage="0" weight="1" count_min="1" count_max="1"/>
	<loot item="minecraft:diamond_leggings" damage="0" weight="1" count_min="1" count_max="1"/>
	<loot item="minecraft:diamond_boots" damage="0" weight="1" count_min="1" count_max="1"/>
	<loot item="minecraft:iron_door" damage="0" weight="3" count_min="1" count_max="1"/>
	<loot item="minecraft:blaze_rod" damage="0" weight="5" count_min="1" count_max="3"/>
    <loot item="Railcraft:tool.steel.sword" damage="0" weight="5" count_min="1" count_max="1"/>
    <loot item="Railcraft:armor.steel.helmet" damage="0" weight="5" count_min="1" count_max="1"/>
    <loot item="Railcraft:armor.steel.plate" damage="0" weight="5" count_min="1" count_max="1"/>
    <loot item="Railcraft:armor.steel.legs" damage="0" weight="5" count_min="1" count_max="1"/>
    <loot item="Railcraft:armor.steel.boots" damage="0" weight="5" count_min="1" count_max="1"/>
    <loot item="OpenBlocks:technicolorGlasses" damage="0" weight="2" count_min="1" count_max="1"/>
    <loot item="AWWayofTime:standardBindingAgent" damage="0" weight="6" count_min="1" count_max="3"/>
    <loot item="AWWayofTime:mundanePowerCatalyst" damage="0" weight="4" count_min="1" count_max="1"/>
    <loot item="AWWayofTime:mundaneLengtheningCatalyst" damage="0" weight="4" count_min="1" count_max="1"/>
    <loot item="AWWayofTime:averagePowerCatalyst" damage="0" weight="2" count_min="1" count_max="1"/>
    <loot item="AWWayofTime:averageLengtheningCatalyst" damage="0" weight="2" count_min="1" count_max="1"/>
    <loot item="AWWayofTime:greaterPowerCatalyst" damage="0" weight="1" count_min="1" count_max="1"/>
    <loot item="AWWayofTime:greaterLengtheningCatalyst" damage="0" weight="1" count_min="1" count_max="1"/>
    <loot item="HardcoreEnderExpansion:temple_caller" damage="0" weight="1" count_min="0" count_max="1"/>
    <loot item="HardcoreEnderExpansion:knowledge_note" damage="0" nbt="{pts:40b}" weight="3" count_min="1" count_max="1"/>
	<loot item="HardcoreEnderExpansion:knowledge_note" damage="0" nbt="{pts:30b}" weight="6" count_min="1" count_max="1"/>
	<loot item="HardcoreEnderExpansion:knowledge_note" damage="0" nbt="{pts:20b}" weight="9" count_min="1" count_max="1"/>
	<loot item="HardcoreEnderExpansion:knowledge_note" damage="0" nbt="{pts:10b}" weight="12" count_min="1" count_max="1"/>
    <loot item="TConstruct:heartCanister" damage="1" weight="5" count_min="1" count_max="1"/>
    <loot item="OpenComputers:item" damage="4" weight="5" count_min="1" count_max="1"/>
    <loot item="EMT:TaintedMjolnir" damage="0" weight="25" count_min="0" count_max="1"/>
    <loot item="EMT:BaseBaubles" damage="0" weight="15" count_min="0" count_max="1"/>
    <loot item="openmodularturrets:disposeItemTurret" damage="0" weight="15" count_min="1" count_max="2"/>
    <loot item="openmodularturrets:baseTierWood" damage="0" weight="15" count_min="1" count_max="1"/>
    <loot item="openmodularturrets:leverBlock" damage="0" weight="15" count_min="1" count_max="1"/>
    <loot item="Thaumcraft:ItemLootBag" damage="0" weight="5" count_min="1" count_max="3"/>
    <loot item="Thaumcraft:ItemResource" damage="2" weight="5" count_min="1" count_max="3"/>
    <loot item="Thaumcraft:ItemResource" damage="6" weight="5" count_min="1" count_max="3"/>
    <loot item="Thaumcraft:ItemLootBag" damage="1" weight="4" count_min="1" count_max="2"/>
    <loot item="Thaumcraft:ItemBaubleBlanks" damage="0" weight="4" count_min="1" count_max="2"/>
    <loot item="Thaumcraft:ItemBaubleBlanks" damage="1" weight="4" count_min="1" count_max="2"/>
    <loot item="Thaumcraft:ItemBaubleBlanks" damage="2" weight="4" count_min="1" count_max="2"/>
    <loot item="Thaumcraft:ItemResource" damage="9" weight="4" count_min="1" count_max="2"/>
    <loot item="Thaumcraft:ItemLootBag" damage="2" weight="1" count_min="1" count_max="1"/>
    <loot item="Thaumcraft:ItemThaumonomicon" damage="0" weight="1" count_min="1" count_max="1"/>
    <loot item="Thaumcraft:ItemSwordThaumium" damage="0" weight="1" count_min="1" count_max="1"/>
    <loot item="Thaumcraft:ItemPickThaumium" damage="0" weight="1" count_min="1" count_max="1"/>
    <loot item="Thaumcraft:ItemAxeThaumium" damage="0" weight="1" count_min="1" count_max="1"/>
    <loot item="Thaumcraft:ItemHoeThaumium" damage="0" weight="1" count_min="1" count_max="1"/>
    <loot item="Thaumcraft:ItemRingRunic" damage="0" weight="1" count_min="1" count_max="1"/>
    <loot item="Thaumcraft:ItemBaubleBlanks" damage="3" weight="1" count_min="1" count_max="1"/>
    <loot item="Thaumcraft:ItemBaubleBlanks" damage="4" weight="1" count_min="1" count_max="1"/>
    <loot item="Thaumcraft:ItemBaubleBlanks" damage="5" weight="1" count_min="1" count_max="1"/>
    <loot item="Thaumcraft:ItemBaubleBlanks" damage="6" weight="1" count_min="1" count_max="1"/>
    <loot item="Thaumcraft:ItemBaubleBlanks" damage="7" weight="1" count_min="1" count_max="1"/>
    <loot item="Thaumcraft:ItemBaubleBlanks" damage="8" weight="1" count_min="1" count_max="1"/>
    <loot item="Thaumcraft:ItemAmuletVis" damage="0" nbt="{aqua:100,terra:100,ignis:300,ordo:200,perditio:200,aer:400}" weight="1" count_min="1" count_max="1"/>
	<loot item="Thaumcraft:blockCustomPlant" damage="2" weight="4" count_min="1" count_max="3"/>
	<loot item="Thaumcraft:blockCustomPlant" damage="3" weight="4" count_min="1" count_max="3"/>
    <loot item="Automagy:baubleEnderDisjunction" damage="1" weight="1" count_min="1" count_max="1"/>
    <loot item="Automagy:phialExtra" damage="0" weight="3" count_min="1" count_max="3"/>
    <loot item="Forestry:beeDroneGE" damage="0" nbt="{MaxH:40,Health:40,IsAnalyzed:0b,Genome:{Chromosomes:[0:{UID1:&quot;forestry.speciesSteadfast&quot;,UID0:&quot;forestry.speciesSteadfast&quot;,Slot:0b},1:{UID1:&quot;forestry.speedSlower&quot;,UID0:&quot;forestry.speedSlower&quot;,Slot:1b},2:{UID1:&quot;forestry.lifespanNormal&quot;,UID0:&quot;forestry.lifespanNormal&quot;,Slot:2b},3:{UID1:&quot;forestry.fertilityNormal&quot;,UID0:&quot;forestry.fertilityNormal&quot;,Slot:3b},4:{UID1:&quot;forestry.toleranceNone&quot;,UID0:&quot;forestry.toleranceNone&quot;,Slot:4b},5:{UID1:&quot;forestry.boolTrue&quot;,UID0:&quot;forestry.boolTrue&quot;,Slot:5b},6:{UID1:&quot;forestry.toleranceNone&quot;,UID0:&quot;forestry.toleranceNone&quot;,Slot:7b},7:{UID1:&quot;forestry.boolFalse&quot;,UID0:&quot;forestry.boolFalse&quot;,Slot:8b},8:{UID1:&quot;forestry.boolTrue&quot;,UID0:&quot;forestry.boolTrue&quot;,Slot:9b},9:{UID1:&quot;forestry.flowersVanilla&quot;,UID0:&quot;forestry.flowersVanilla&quot;,Slot:10b},10:{UID1:&quot;forestry.floweringSlowest&quot;,UID0:&quot;forestry.floweringSlowest&quot;,Slot:11b},11:{UID1:&quot;forestry.territoryAverage&quot;,UID0:&quot;forestry.territoryAverage&quot;,Slot:12b},12:{UID1:&quot;forestry.effectNone&quot;,UID0:&quot;forestry.effectNone&quot;,Slot:13b}]}}" weight="10" count_min="1" count_max="1"/>
    <loot item="ExtraUtilities:divisionSigil" damage="0" weight="8" count_min="1" count_max="1"/>
    <loot item="Avaritia:Ultimate_Stew" damage="0" weight="1" count_min="1" count_max="2"/>
    <loot item="Avaritia:Cosmic_Meatballs" damage="0" weight="1" count_min="1" count_max="2"/>
    <loot item="harvestcraft:spagettiandmeatballsItem" damage="0" weight="5" count_min="1" count_max="4"/>
    <loot item="harvestcraft:deluxecheeseburgerItem" damage="0" weight="5" count_min="1" count_max="4"/>
    <loot item="harvestcraft:delightedmealItem" damage="0" weight="5" count_min="1" count_max="4"/>
    <loot item="harvestcraft:heartybreakfastItem" damage="0" weight="5" count_min="1" count_max="4"/>
    <loot item="harvestcraft:curryItem" damage="0" weight="5" count_min="1" count_max="4"/>
    <loot item="harvestcraft:rainbowcurryItem" damage="0" weight="5" count_min="1" count_max="4"/>
    <loot item="harvestcraft:supremepizzaItem" damage="0" weight="5" count_min="1" count_max="4"/>
    <loot item="harvestcraft:baconmushroomburgerItem" damage="0" weight="5" count_min="1" count_max="4"/>
    <loot item="harvestcraft:sausageinbreadItem" damage="0" weight="5" count_min="1" count_max="4"/>
    <loot item="harvestcraft:beefwellingtonItem" damage="0" weight="5" count_min="1" count_max="4"/>
    <loot item="harvestcraft:epicbaconItem" damage="0" weight="5" count_min="1" count_max="4"/>
    <loot item="DraconicEvolution:dezilsMarshmallow" damage="0" weight="2" count_min="1" count_max="2"/>
    <loot item="gregtech:gt.metaitem.02" damage="32137" weight="20" count_min="4" count_max="8"/>
    <loot item="gregtech:gt.metaitem.02" damage="32100" weight="80" count_min="8" count_max="16"/>
    <loot item="gregtech:gt.metaitem.01" damage="11054" weight="120" count_min="1" count_max="6"/>
    <loot item="gregtech:gt.metaitem.01" damage="11089" weight="30" count_min="1" count_max="6"/>
    <loot item="gregtech:gt.metaitem.01" damage="11305" weight="60" count_min="1" count_max="6"/>
    <loot item="gregtech:gt.metaitem.01" damage="11300" weight="60" count_min="1" count_max="6"/>
    <loot item="gregtech:gt.metaitem.01" damage="11031" weight="60" count_min="1" count_max="6"/>
    <loot item="gregtech:gt.metaitem.01" damage="11335" weight="10" count_min="1" count_max="6"/>
    <loot item="minecraft:emerald" damage="0" weight="20" count_min="1" count_max="6"/>
    <loot item="gregtech:gt.metaitem.01" damage="8502" weight="20" count_min="1" count_max="6"/>
    <loot item="gregtech:gt.metaitem.01" damage="8503" weight="20" count_min="1" count_max="6"/>
    <loot item="gregtech:gt.metaitem.01" damage="8504" weight="20" count_min="1" count_max="6"/>
    <loot item="gregtech:gt.metaitem.01" damage="8505" weight="20" count_min="1" count_max="6"/>
    <loot item="gregtech:gt.metaitem.01" damage="8527" weight="40" count_min="1" count_max="6"/>
    <loot item="gregtech:gt.metaitem.01" damage="8528" weight="40" count_min="1" count_max="6"/>
    <loot item="gregtech:gt.metaitem.01" damage="2067" weight="40" count_min="1" count_max="6"/>
    <loot item="gregtech:gt.metaitem.01" damage="2030" weight="40" count_min="1" count_max="3"/>
	<loot item="gregtech:gt.metaitem.01" damage="11035" weight="9" count_min="2" count_max="6"/>
	<loot item="gregtech:gt.metaitem.01" damage="11057" weight="80" count_min="8" count_max="16"/>
	<loot item="gregtech:gt.metaitem.01" damage="11018" weight="100" count_min="1" count_max="4"/>
	<loot item="gregtech:gt.metaitem.01" damage="11019" weight="10" count_min="1" count_max="1"/>
	<loot item="gregtech:gt.metaitem.01" damage="11034" weight="50" count_min="2" count_max="6"/>
	<loot item="gregtech:gt.metaitem.01" damage="11033" weight="10" count_min="2" count_max="4"/>
	<loot item="gregtech:gt.metaitem.01" damage="11036" weight="40" count_min="4" count_max="8"/>
	<loot item="gregtech:gt.metaitem.01" damage="11048" weight="30" count_min="2" count_max="4"/>
	<loot item="gregtech:gt.metaitem.01" damage="11058" weight="20" count_min="1" count_max="2"/>
	<loot item="gregtech:gt.metaitem.01" damage="11302" weight="30" count_min="2" count_max="4"/>
	<loot item="gregtech:gt.metaitem.01" damage="11303" weight="10" count_min="1" count_max="1"/>
	<loot item="gregtech:gt.metaitem.01" damage="11304" weight="70" count_min="3" count_max="8"/>
	<loot item="gregtech:gt.metaitem.01" damage="11306" weight="10" count_min="1" count_max="1"/>
	<loot item="gregtech:gt.metaitem.01" damage="11307" weight="20" count_min="2" count_max="3"/>
	<loot item="gregtech:gt.metaitem.01" damage="11308" weight="40" count_min="2" count_max="3"/>
	<loot item="gregtech:gt.metaitem.01" damage="11310" weight="10" count_min="1" count_max="1"/>
	<loot item="gregtech:gt.metaitem.01" damage="11343" weight="10" count_min="1" count_max="2"/>
	<loot item="gregtech:gt.metaitem.01" damage="11354" weight="40" count_min="2" count_max="4"/>
	<loot item="gregtech:gt.metaitem.01" damage="11365" weight="20" count_min="1" count_max="3"/>
	<loot item="gregtech:gt.metaitem.01" damage="11382" weight="10" count_min="1" count_max="2"/>
</LootGroup>
