<?xml version="1.0" encoding="UTF-8" standalone="yes"?>
<LootGroup category="pyramidDesertyChest" loading_mode="OVERRIDE" count_min="2" count_max="7">
    <loot item="minecraft:diamond" damage="0" weight="3" count_min="1" count_max="3"/>
    <loot item="minecraft:iron_ingot" damage="0" weight="10" count_min="1" count_max="5"/>
    <loot item="minecraft:gold_ingot" damage="0" weight="15" count_min="2" count_max="7"/>
    <loot item="minecraft:emerald" damage="0" weight="2" count_min="1" count_max="3"/>
    <loot item="minecraft:bone" damage="0" weight="20" count_min="4" count_max="6"/>
    <loot item="minecraft:rotten_flesh" damage="0" weight="16" count_min="3" count_max="7"/>
    <loot item="minecraft:saddle" damage="0" weight="3" count_min="1" count_max="1"/>
    <loot item="minecraft:iron_horse_armor" damage="0" weight="1" count_min="1" count_max="1"/>
    <loot item="minecraft:golden_horse_armor" damage="0" weight="1" count_min="1" count_max="1"/>
    <loot item="minecraft:diamond_horse_armor" damage="0" weight="1" count_min="1" count_max="1"/>
    <loot item="minecraft:enchanted_book" damage="0" weight="1" count_min="1" count_max="1"/>
	<loot item="minecraft:diamond_helmet" damage="0" weight="1" count_min="1" count_max="1"/>
	<loot item="minecraft:diamond_chestplate" damage="0" weight="1" count_min="1" count_max="1"/>
	<loot item="minecraft:diamond_leggings" damage="0" weight="1" count_min="1" count_max="1"/>
	<loot item="minecraft:diamond_boots" damage="0" weight="1" count_min="1" count_max="1"/>
	<loot item="minecraft:iron_door" damage="0" weight="3" count_min="1" count_max="1"/>
	<loot item="minecraft:blaze_rod" damage="0" weight="5" count_min="1" count_max="3"/>
    <loot item="IC2:itemToolBronzeSword" damage="0" weight="3" count_min="1" count_max="1"/>
    <loot item="IC2:itemArmorBronzeHelmet" damage="0" weight="3" count_min="1" count_max="1"/>
    <loot item="IC2:itemArmorBronzeChestplate" damage="0" weight="3" count_min="1" count_max="1"/>
    <loot item="IC2:itemArmorBronzeLegs" damage="0" weight="3" count_min="1" count_max="1"/>
    <loot item="IC2:itemArmorBronzeBoots" damage="0" weight="3" count_min="1" count_max="1"/>
    <loot item="Railcraft:tool.steel.sword" damage="0" weight="5" count_min="1" count_max="1"/>
    <loot item="Railcraft:armor.steel.helmet" damage="0" weight="5" count_min="1" count_max="1"/>
    <loot item="Railcraft:armor.steel.plate" damage="0" weight="5" count_min="1" count_max="1"/>
    <loot item="Railcraft:armor.steel.legs" damage="0" weight="5" count_min="1" count_max="1"/>
    <loot item="Railcraft:armor.steel.boots" damage="0" weight="5" count_min="1" count_max="1"/>
    <loot item="HardcoreEnderExpansion:adventurers_diary" damage="0" weight="5" count_min="1" count_max="1"/>
    <loot item="HardcoreEnderExpansion:temple_caller" damage="0" weight="1" count_min="0" count_max="1"/>
    <loot item="HardcoreEnderExpansion:knowledge_note" damage="0" nbt="{pts:40b}" weight="3" count_min="1" count_max="1"/>
	<loot item="HardcoreEnderExpansion:knowledge_note" damage="0" nbt="{pts:30b}" weight="6" count_min="1" count_max="1"/>
	<loot item="HardcoreEnderExpansion:knowledge_note" damage="0" nbt="{pts:20b}" weight="9" count_min="1" count_max="1"/>
	<loot item="HardcoreEnderExpansion:knowledge_note" damage="0" nbt="{pts:10b}" weight="12" count_min="1" count_max="1"/>
    <loot item="TConstruct:heartCanister" damage="1" weight="10" count_min="1" count_max="1"/>
    <loot item="OpenComputers:item" damage="4" weight="5" count_min="1" count_max="1"/>
    <loot item="Thaumcraft:ItemLootBag" damage="0" weight="5" count_min="1" count_max="3"/>
    <loot item="Thaumcraft:ItemResource" damage="2" weight="5" count_min="1" count_max="3"/>
    <loot item="Thaumcraft:ItemResource" damage="6" weight="5" count_min="1" count_max="3"/>
    <loot item="Thaumcraft:ItemLootBag" damage="1" weight="4" count_min="1" count_max="2"/>
    <loot item="Thaumcraft:ItemBaubleBlanks" damage="0" weight="4" count_min="1" count_max="2"/>
    <loot item="Thaumcraft:ItemBaubleBlanks" damage="1" weight="4" count_min="1" count_max="2"/>
    <loot item="Thaumcraft:ItemBaubleBlanks" damage="2" weight="4" count_min="1" count_max="2"/>
    <loot item="Thaumcraft:ItemResource" damage="9" weight="4" count_min="1" count_max="2"/>
    <loot item="Thaumcraft:ItemLootBag" damage="2" weight="1" count_min="1" count_max="1"/>
    <loot item="Thaumcraft:ItemThaumonomicon" damage="0" weight="1" count_min="1" count_max="1"/>
    <loot item="Thaumcraft:ItemSwordThaumium" damage="0" weight="1" count_min="1" count_max="1"/>
    <loot item="Thaumcraft:ItemPickThaumium" damage="0" weight="1" count_min="1" count_max="1"/>
    <loot item="Thaumcraft:ItemAxeThaumium" damage="0" weight="1" count_min="1" count_max="1"/>
    <loot item="Thaumcraft:ItemHoeThaumium" damage="0" weight="1" count_min="1" count_max="1"/>
    <loot item="Thaumcraft:ItemRingRunic" damage="0" weight="1" count_min="1" count_max="1"/>
    <loot item="Thaumcraft:ItemBaubleBlanks" damage="3" weight="1" count_min="1" count_max="1"/>
    <loot item="Thaumcraft:ItemBaubleBlanks" damage="4" weight="1" count_min="1" count_max="1"/>
    <loot item="Thaumcraft:ItemBaubleBlanks" damage="5" weight="1" count_min="1" count_max="1"/>
    <loot item="Thaumcraft:ItemBaubleBlanks" damage="6" weight="1" count_min="1" count_max="1"/>
    <loot item="Thaumcraft:ItemBaubleBlanks" damage="7" weight="1" count_min="1" count_max="1"/>
    <loot item="Thaumcraft:ItemBaubleBlanks" damage="8" weight="1" count_min="1" count_max="1"/>
    <loot item="Thaumcraft:ItemAmuletVis" damage="0" nbt="{aqua:100,terra:100,ignis:300,ordo:200,perditio:200,aer:400}" weight="1" count_min="1" count_max="1"/>
	<loot item="Thaumcraft:blockCustomPlant" damage="2" weight="4" count_min="1" count_max="3"/>
	<loot item="Thaumcraft:blockCustomPlant" damage="3" weight="4" count_min="1" count_max="3"/>
    <loot item="Automagy:baubleEnderDisjunction" damage="1" weight="1" count_min="1" count_max="1"/>
    <loot item="Automagy:phialExtra" damage="0" weight="3" count_min="1" count_max="3"/>
    <loot item="ExtraUtilities:divisionSigil" damage="0" weight="5" count_min="1" count_max="1"/>
    <loot item="Avaritia:Ultimate_Stew" damage="0" weight="5" count_min="1" count_max="2"/>
    <loot item="Avaritia:Cosmic_Meatballs" damage="0" weight="5" count_min="1" count_max="2"/>
    <loot item="harvestcraft:spagettiandmeatballsItem" damage="0" weight="5" count_min="1" count_max="4"/>
    <loot item="harvestcraft:deluxecheeseburgerItem" damage="0" weight="5" count_min="1" count_max="4"/>
    <loot item="harvestcraft:delightedmealItem" damage="0" weight="5" count_min="1" count_max="4"/>
    <loot item="harvestcraft:heartybreakfastItem" damage="0" weight="5" count_min="1" count_max="4"/>
    <loot item="harvestcraft:curryItem" damage="0" weight="5" count_min="1" count_max="4"/>
    <loot item="harvestcraft:rainbowcurryItem" damage="0" weight="5" count_min="1" count_max="4"/>
    <loot item="harvestcraft:supremepizzaItem" damage="0" weight="5" count_min="1" count_max="4"/>
    <loot item="harvestcraft:baconmushroomburgerItem" damage="0" weight="5" count_min="1" count_max="4"/>
    <loot item="harvestcraft:sausageinbreadItem" damage="0" weight="5" count_min="1" count_max="4"/>
    <loot item="harvestcraft:beefwellingtonItem" damage="0" weight="5" count_min="1" count_max="4"/>
    <loot item="harvestcraft:epicbaconItem" damage="0" weight="5" count_min="1" count_max="4"/>
    <loot item="DraconicEvolution:dezilsMarshmallow" damage="0" weight="1" count_min="1" count_max="1"/>
    <loot item="gregtech:gt.metaitem.02" damage="32137" weight="2" count_min="4" count_max="8"/>
    <loot item="gregtech:gt.metaitem.01" damage="11054" weight="12" count_min="4" count_max="16"/>
    <loot item="gregtech:gt.metaitem.01" damage="11085" weight="4" count_min="2" count_max="8"/>
    <loot item="gregtech:gt.metaitem.01" damage="8502" weight="2" count_min="2" count_max="8"/>
    <loot item="gregtech:gt.metaitem.01" damage="8503" weight="2" count_min="2" count_max="8"/>
    <loot item="gregtech:gt.metaitem.01" damage="8504" weight="2" count_min="2" count_max="8"/>
    <loot item="gregtech:gt.metaitem.01" damage="8505" weight="2" count_min="2" count_max="8"/>
    <loot item="gregtech:gt.metaitem.01" damage="8527" weight="4" count_min="2" count_max="8"/>
    <loot item="gregtech:gt.metaitem.01" damage="8528" weight="4" count_min="2" count_max="8"/>
	<loot item="gregtech:gt.metaitem.01" damage="11035" weight="9" count_min="2" count_max="6"/>
	<loot item="gregtech:gt.metaitem.01" damage="11057" weight="8" count_min="4" count_max="16"/>
	<loot item="gregtech:gt.metaitem.01" damage="11089" weight="10" count_min="2" count_max="6"/>
	<loot item="gregtech:gt.metaitem.01" damage="11018" weight="10" count_min="2" count_max="8"/>
	<loot item="gregtech:gt.metaitem.01" damage="11019" weight="1" count_min="0" count_max="1"/>
	<loot item="gregtech:gt.metaitem.01" damage="11031" weight="3" count_min="1" count_max="2"/>
	<loot item="gregtech:gt.metaitem.01" damage="11034" weight="5" count_min="2" count_max="3"/>
	<loot item="gregtech:gt.metaitem.01" damage="11033" weight="1" count_min="1" count_max="1"/>
	<loot item="gregtech:gt.metaitem.01" damage="11036" weight="4" count_min="1" count_max="3"/>
	<loot item="gregtech:gt.metaitem.01" damage="11048" weight="3" count_min="1" count_max="3"/>
	<loot item="gregtech:gt.metaitem.01" damage="11058" weight="2" count_min="1" count_max="2"/>
	<loot item="gregtech:gt.metaitem.01" damage="11302" weight="3" count_min="1" count_max="3"/>
	<loot item="gregtech:gt.metaitem.01" damage="11303" weight="1" count_min="1" count_max="1"/>
	<loot item="gregtech:gt.metaitem.01" damage="11304" weight="7" count_min="2" count_max="6"/>
	<loot item="gregtech:gt.metaitem.01" damage="11306" weight="1" count_min="0" count_max="1"/>
	<loot item="gregtech:gt.metaitem.01" damage="11307" weight="2" count_min="1" count_max="2"/>
	<loot item="gregtech:gt.metaitem.01" damage="11308" weight="4" count_min="1" count_max="2"/>
	<loot item="gregtech:gt.metaitem.01" damage="11310" weight="1" count_min="1" count_max="1"/>
	<loot item="gregtech:gt.metaitem.01" damage="11343" weight="1" count_min="1" count_max="2"/>
	<loot item="gregtech:gt.metaitem.01" damage="11354" weight="4" count_min="2" count_max="3"/>
	<loot item="gregtech:gt.metaitem.01" damage="11365" weight="2" count_min="1" count_max="2"/>
	<loot item="gregtech:gt.metaitem.01" damage="11382" weight="1" count_min="1" count_max="2"/>
</LootGroup>
