<?xml version="1.0" encoding="UTF-8" standalone="yes"?>
<LootGroup category="villageBlacksmith" loading_mode="OVERRIDE" count_min="4" count_max="11">
    <loot item="minecraft:diamond" damage="0" weight="3" count_min="1" count_max="3"/>
    <loot item="minecraft:iron_ingot" damage="0" weight="10" count_min="1" count_max="5"/>
    <loot item="minecraft:gold_ingot" damage="0" weight="5" count_min="1" count_max="3"/>
    <loot item="minecraft:bread" damage="0" weight="15" count_min="1" count_max="3"/>
    <loot item="minecraft:apple" damage="0" weight="15" count_min="1" count_max="3"/>
    <loot item="minecraft:iron_pickaxe" damage="0" weight="5" count_min="1" count_max="1"/>
    <loot item="minecraft:iron_sword" damage="0" weight="5" count_min="1" count_max="1"/>
    <loot item="minecraft:iron_chestplate" damage="0" weight="5" count_min="1" count_max="1"/>
    <loot item="minecraft:iron_helmet" damage="0" weight="5" count_min="1" count_max="1"/>
	<loot item="minecraft:iron_leggings" damage="0" weight="5" count_min="1" count_max="1"/>
    <loot item="minecraft:iron_boots" damage="0" weight="5" count_min="1" count_max="1"/>
	<loot item="minecraft:iron_chestplate" damage="0" weight="5" count_min="1" count_max="1"/>
	<loot item="minecraft:chainmail_helmet" damage="0" weight="2" count_min="1" count_max="1"/>
	<loot item="minecraft:chainmail_leggings" damage="0" weight="2" count_min="1" count_max="1"/>
	<loot item="minecraft:chainmail_boots" damage="0" weight="2" count_min="1" count_max="1"/>
	<loot item="minecraft:chainmail_chestplate" damage="0" weight="2" count_min="1" count_max="1"/>
    <loot item="minecraft:obsidian" damage="0" weight="5" count_min="3" count_max="7"/>
    <loot item="minecraft:sapling" damage="0" weight="5" count_min="3" count_max="7"/>
    <loot item="minecraft:saddle" damage="0" weight="3" count_min="1" count_max="1"/>
    <loot item="minecraft:iron_horse_armor" damage="0" weight="3" count_min="1" count_max="1"/>
    <loot item="minecraft:golden_horse_armor" damage="0" weight="2" count_min="1" count_max="1"/>
    <loot item="minecraft:diamond_horse_armor" damage="0" weight="1" count_min="1" count_max="1"/>
    <loot item="IC2:itemToolBronzePickaxe" damage="0" weight="3" count_min="1" count_max="1"/>
    <loot item="IC2:itemToolBronzeSword" damage="0" weight="3" count_min="1" count_max="1"/>
    <loot item="IC2:itemArmorBronzeHelmet" damage="0" weight="3" count_min="1" count_max="1"/>
    <loot item="IC2:itemArmorBronzeChestplate" damage="0" weight="3" count_min="1" count_max="1"/>
    <loot item="IC2:itemArmorBronzeLegs" damage="0" weight="3" count_min="1" count_max="1"/>
    <loot item="IC2:itemArmorBronzeBoots" damage="0" weight="3" count_min="1" count_max="1"/>
    <loot item="IC2:blockRubSapling" damage="0" weight="4" count_min="1" count_max="4"/>
    <loot item="BiomesOPlenty:plants" damage="5" weight="25" count_min="2" count_max="6"/>
    <loot item="BiomesOPlenty:misc" damage="1" weight="25" count_min="2" count_max="8"/>
    <loot item="BiomesOPlenty:wadingBoots" damage="0" weight="5" count_min="1" count_max="1"/>
    <loot item="BiomesOPlenty:flippers" damage="0" weight="5" count_min="1" count_max="1"/>
    <loot item="Railcraft:tool.crowbar" damage="0" weight="10" count_min="1" count_max="1"/>
    <loot item="Railcraft:tool.steel.shears" damage="0" weight="5" count_min="1" count_max="1"/>
    <loot item="Railcraft:tool.steel.sword" damage="0" weight="5" count_min="1" count_max="1"/>
    <loot item="Railcraft:tool.steel.axe" damage="0" weight="5" count_min="1" count_max="1"/>
    <loot item="Railcraft:armor.steel.helmet" damage="0" weight="5" count_min="1" count_max="1"/>
    <loot item="Railcraft:armor.steel.plate" damage="0" weight="5" count_min="1" count_max="1"/>
    <loot item="Railcraft:armor.steel.legs" damage="0" weight="5" count_min="1" count_max="1"/>
    <loot item="Railcraft:armor.steel.boots" damage="0" weight="5" count_min="1" count_max="1"/>
    <loot item="Railcraft:fuel.coke" damage="0" weight="20" count_min="4" count_max="16"/>
    <loot item="Railcraft:cube" damage="2" weight="5" count_min="1" count_max="1"/>
    <loot item="HardcoreEnderExpansion:temple_caller" damage="0" weight="1" count_min="0" count_max="1"/>
    <loot item="HardcoreEnderExpansion:knowledge_note" damage="0" nbt="{pts:40b}" weight="3" count_min="1" count_max="1"/>
	<loot item="HardcoreEnderExpansion:knowledge_note" damage="0" nbt="{pts:30b}" weight="6" count_min="1" count_max="1"/>
	<loot item="HardcoreEnderExpansion:knowledge_note" damage="0" nbt="{pts:20b}" weight="9" count_min="1" count_max="1"/>
	<loot item="HardcoreEnderExpansion:knowledge_note" damage="0" nbt="{pts:10b}" weight="12" count_min="1" count_max="1"/>
    <loot item="Thaumcraft:ItemResource" damage="2" weight="10" count_min="1" count_max="3"/>
	<loot item="Thaumcraft:blockCustomPlant" damage="2" weight="4" count_min="1" count_max="3"/>
	<loot item="Thaumcraft:blockCustomPlant" damage="3" weight="4" count_min="1" count_max="3"/>
    <loot item="Automagy:phialExtra" damage="0" weight="3" count_min="1" count_max="2"/>
    <loot item="IguanaTweaksTConstruct:wearableBucket" damage="0" weight="1" count_min="0" count_max="1"/>
    <loot item="gregtech:gt.metaitem.01" damage="32765" weight="1" count_min="1" count_max="1"/>
    <loot item="gregtech:gt.metaitem.01" damage="2030" weight="6" count_min="1" count_max="4"/>
    <loot item="gregtech:gt.metaitem.01" damage="2067" weight="6" count_min="2" count_max="8"/>
    <loot item="gregtech:gt.metaitem.01" damage="11031" weight="12" count_min="2" count_max="8"/>
    <loot item="gregtech:gt.metaitem.01" damage="11305" weight="12" count_min="4" count_max="12"/>
    <loot item="gregtech:gt.metaitem.01" damage="11300" weight="12" count_min="4" count_max="12"/>
    <loot item="gregtech:gt.metaitem.01" damage="11301" weight="12" count_min="4" count_max="12"/>
    <loot item="gregtech:gt.metaitem.01" damage="11335" weight="1" count_min="4" count_max="12"/>
	<loot item="gregtech:gt.metaitem.01" damage="11035" weight="9" count_min="2" count_max="6"/>
	<loot item="gregtech:gt.metaitem.01" damage="11057" weight="8" count_min="4" count_max="16"/>
	<loot item="gregtech:gt.metaitem.01" damage="11089" weight="10" count_min="2" count_max="6"/>
	<loot item="gregtech:gt.metaitem.01" damage="11054" weight="8" count_min="2" count_max="4"/>
	<loot item="gregtech:gt.metaitem.01" damage="11018" weight="10" count_min="2" count_max="8"/>
	<loot item="gregtech:gt.metaitem.01" damage="11019" weight="1" count_min="0" count_max="1"/>
	<loot item="gregtech:gt.metaitem.01" damage="11031" weight="3" count_min="1" count_max="2"/>
	<loot item="gregtech:gt.metaitem.01" damage="11034" weight="5" count_min="2" count_max="3"/>
	<loot item="gregtech:gt.metaitem.01" damage="11033" weight="1" count_min="1" count_max="1"/>
	<loot item="gregtech:gt.metaitem.01" damage="11036" weight="4" count_min="1" count_max="3"/>
	<loot item="gregtech:gt.metaitem.01" damage="11048" weight="3" count_min="1" count_max="3"/>
	<loot item="gregtech:gt.metaitem.01" damage="11058" weight="2" count_min="1" count_max="2"/>
	<loot item="gregtech:gt.metaitem.01" damage="11302" weight="3" count_min="1" count_max="3"/>
	<loot item="gregtech:gt.metaitem.01" damage="11303" weight="1" count_min="1" count_max="1"/>
	<loot item="gregtech:gt.metaitem.01" damage="11304" weight="7" count_min="2" count_max="6"/>
	<loot item="gregtech:gt.metaitem.01" damage="11306" weight="1" count_min="0" count_max="1"/>
	<loot item="gregtech:gt.metaitem.01" damage="11307" weight="2" count_min="1" count_max="2"/>
	<loot item="gregtech:gt.metaitem.01" damage="11308" weight="4" count_min="1" count_max="2"/>
	<loot item="gregtech:gt.metaitem.01" damage="11310" weight="1" count_min="1" count_max="1"/>
	<loot item="gregtech:gt.metaitem.01" damage="11343" weight="1" count_min="1" count_max="2"/>
	<loot item="gregtech:gt.metaitem.01" damage="11354" weight="4" count_min="2" count_max="3"/>
	<loot item="gregtech:gt.metaitem.01" damage="11365" weight="2" count_min="1" count_max="2"/>
	<loot item="gregtech:gt.metaitem.01" damage="11382" weight="1" count_min="1" count_max="2"/>
	<loot item="gregtech:gt.metaitem.01" damage="23032" weight="5" count_min="4" count_max="8"/>
	<loot item="gregtech:gt.metaitem.01" damage="27032" weight="5" count_min="4" count_max="8"/>
	<loot item="gregtech:gt.metaitem.01" damage="28032" weight="5" count_min="4" count_max="8"/>
	<loot item="gregtech:gt.metaitem.01" damage="29032" weight="5" count_min="4" count_max="8"/>
	<loot item="gregtech:gt.metaitem.01" damage="32100" weight="4" count_min="2" count_max="4"/>
	<loot item="gregtech:gt.metaitem.02" damage="20032" weight="5" count_min="4" count_max="8"/>
	<loot item="gregtech:gt.metaitem.02" damage="23032" weight="5" count_min="4" count_max="8"/>
	<loot item="gregtech:gt.metaitem.02" damage="24032" weight="5" count_min="2" count_max="4"/>
	<loot item="gregtech:gt.metaitem.02" damage="21032" weight="5" count_min="2" count_max="4"/>
	<loot item="gregtech:gt.metaitem.02" damage="22032" weight="5" count_min="4" count_max="8"/>
	<loot item="gregtech:gt.metaitem.01" damage="23057" weight="5" count_min="4" count_max="8"/>
	<loot item="gregtech:gt.metaitem.01" damage="27057" weight="5" count_min="4" count_max="8"/>
	<loot item="gregtech:gt.metaitem.01" damage="28057" weight="5" count_min="4" count_max="8"/>
	<loot item="gregtech:gt.metaitem.01" damage="29057" weight="5" count_min="4" count_max="8"/>
	<loot item="gregtech:gt.metaitem.02" damage="20057" weight="5" count_min="4" count_max="8"/>
	<loot item="gregtech:gt.metaitem.02" damage="23057" weight="5" count_min="4" count_max="8"/>
	<loot item="gregtech:gt.metaitem.02" damage="24057" weight="5" count_min="2" count_max="4"/>
	<loot item="gregtech:gt.metaitem.02" damage="21057" weight="5" count_min="2" count_max="4"/>
	<loot item="gregtech:gt.metaitem.02" damage="22057" weight="5" count_min="4" count_max="8"/>
	<loot item="gregtech:gt.metaitem.01" damage="23035" weight="5" count_min="4" count_max="8"/>
	<loot item="gregtech:gt.metaitem.01" damage="27035" weight="5" count_min="4" count_max="8"/>
	<loot item="gregtech:gt.metaitem.01" damage="28035" weight="5" count_min="4" count_max="8"/>
	<loot item="gregtech:gt.metaitem.01" damage="29035" weight="5" count_min="4" count_max="8"/>
	<loot item="gregtech:gt.metaitem.02" damage="20035" weight="5" count_min="4" count_max="8"/>
	<loot item="gregtech:gt.metaitem.02" damage="23035" weight="5" count_min="4" count_max="8"/>
	<loot item="gregtech:gt.metaitem.02" damage="24035" weight="5" count_min="2" count_max="4"/>
	<loot item="gregtech:gt.metaitem.02" damage="21035" weight="5" count_min="2" count_max="4"/>
	<loot item="gregtech:gt.metaitem.02" damage="22035" weight="5" count_min="4" count_max="8"/>
	<loot item="gregtech:blockmachines" damage="1360" weight="6" count_min="4" count_max="8"/>
	<loot item="gregtech:blockmachines" damage="1300" weight="6" count_min="4" count_max="8"/>
	<loot item="gregtech:blockmachines" damage="1240" weight="6" count_min="4" count_max="8"/>	
	<loot item="TConstruct:pickaxe" damage="0" nbt="{InfiTool:{BaseDurability:356,Head:14,HeadEXP:0L,BaseAttack:4,ToolEXP:0L,Built:1b,HarvestLevel:3,Attack:4,RenderHead:14,ModDurability:0.0f,Handle:14,Broken:0b,Shoddy:0.0f,RenderHandle:14,Accessory:14,MiningSpeed:650,RenderAccessory:14,ToolLevel:1,HarvestLevelModified:0b,Unbreaking:1,Damage:0,BonusDurability:0,TotalDurability:356,Modifiers:0},display:{Name:&quot;§fBronze Pickaxe&quot;}}" weight="10" count_min="1" count_max="1"/>
	<loot item="TConstruct:shovel" damage="0" nbt="{InfiTool:{BaseDurability:356,Head:14,BaseAttack:5,ToolEXP:0L,Built:1b,HarvestLevel:4,Attack:5,RenderHead:14,ModDurability:0.0f,Handle:14,Broken:0b,Shoddy:0.0f,RenderHandle:14,MiningSpeed:650,ToolLevel:1,Unbreaking:1,Damage:0,BonusDurability:0,TotalDurability:356,Modifiers:0},display:{Name:&quot;§fBronze Shovel&quot;}}" weight="1" count_min="1" count_max="1"/>
	<loot item="TConstruct:broadsword" damage="0" nbt="{InfiTool:{BaseDurability:427,Head:14,BaseAttack:7,ToolEXP:0L,Built:1b,HarvestLevel:4,Attack:7,RenderHead:14,ModDurability:0.0f,Handle:14,Broken:0b,Shoddy:0.0f,RenderHandle:14,Accessory:14,MiningSpeed:650,RenderAccessory:14,ToolLevel:1,Unbreaking:1,Damage:0,BonusDurability:0,TotalDurability:427,Modifiers:0},display:{Name:&quot;§fBronze Broadsword&quot;}}" weight="10" count_min="1" count_max="1"/>

	</LootGroup>
